local_id,local_created_at,local_start_estimated,upstream_created_at,model,input_tokens,output_tokens,cache_read_tokens,total_cost,local_duration_s,upstream_duration_s,extra_wait_s,local_first_token_s,local_request_id,upstream_request_id
7645,2026-05-27 11:09:51,2026-05-27 11:02:53,2026-05-27T11:09:15.515714+08:00,gpt-5.5,99953,3259,11136,0.603103,417.912,76.439,341.473,323.264,e85cce5bdded32e444ea8ac9253ad6c5,generated:r3pkyd4wg4kq0b-clz
7644,2026-05-27 11:09:51,2026-05-27 11:08:55,2026-05-27T11:09:37.80244+08:00,gpt-5.5,18531,291,3456,0.103113,56.193,6.608,49.585,39.750,728b8ae0b2d92665ab50c526a3dad914,generated:rj3umsm076ee8-hfo
7643,2026-05-27 11:09:51,2026-05-27 11:08:55,2026-05-27T11:09:39.643775+08:00,gpt-5.5,11788,854,14720,0.091920,56.199,16.525,39.674,39.752,d77c65e7d0a6e8669cbd13cc80af643b,generated:r3pkyd4wg4kq0b-cmx
7642,2026-05-27 11:09:41,2026-05-27 11:08:51,2026-05-27T11:09:35.152933+08:00,gpt-5.5,6347,524,78720,0.086815,50.043,11.909,38.134,43.608,0116e63216beb5020006b77921db821c,generated:r3pkyd4wg4kq0b-cmo
7640,2026-05-27 11:09:36,2026-05-27 11:08:18,2026-05-27T11:09:12.058126+08:00,gpt-5.5,347,254,19840,0.019275,77.757,6.584,71.173,76.696,b02c9066f5418a676f89554e887a1a56,generated:r8d65n4b6cjlh-aq0
7641,2026-05-27 11:09:36,2026-05-27 11:08:28,2026-05-27T11:09:17.809633+08:00,gpt-5.5,1679,41,21376,0.020313,67.651,2.401,65.25,66.589,1b2301a8f6f640c0b72167ad5be8fbf1,generated:rj3umsm076ee8-het
7636,2026-05-27 11:09:35,2026-05-27 11:07:54,2026-05-27T11:09:17.53031+08:00,gpt-5.5,697,1131,108416,0.091623,101.225,23.78,77.445,65.626,1e2d164e14c4039c3273cabd360982c8,generated:r3pkyd4wg4kq0b-cm2
7639,2026-05-27 11:09:35,2026-05-27 11:07:17,2026-05-27T11:09:18.978325+08:00,gpt-5.5,1853,939,128384,0.101627,137.392,20.733,116.659,104.418,6b101abc82385fc9b112729c8667ca07,generated:r3pkyd4wg4kq0b-cm3
7637,2026-05-27 11:09:35,2026-05-27 11:08:01,2026-05-27T11:09:17.682635+08:00,gpt-5.5,195,920,48512,0.052831,93.985,22.298,71.687,59.507,f82a53e125a84bd2ba93cdb4e9fd903d,generated:r2jehey8lhlzma-aff
7635,2026-05-27 11:09:35,2026-05-27 11:08:17,2026-05-27T11:09:12.456362+08:00,gpt-5.5,1543,305,16256,0.024993,77.911,7.156,70.755,77.911,92b8b8e8fa89d67122beb45b010a1d0f,generated:rj3umsm076ee8-hee
7634,2026-05-27 11:09:34,2026-05-27 11:08:17,2026-05-27T11:09:04.242063+08:00,gpt-5.4,6296,114,8576,0.019594,77.306,3.54,73.766,71.592,ea8f2bd7bb112e05c51203d16d891648,generated:rj3umsm076ee8-hdy
7633,2026-05-27 11:09:33,2026-05-27 11:07:56,2026-05-27T11:09:05.700818+08:00,gpt-5.5,33060,560,11648,0.187924,97.305,12.276,85.029,63.585,1a426f5b667c02a967a055842730c355,generated:rj3umsm076ee8-he2
7631,2026-05-27 11:09:33,2026-05-27 11:08:02,2026-05-27T11:09:15.647768+08:00,gpt-5.5,6795,712,71552,0.091111,90.869,15.532,75.337,60.986,c5a54fa91f3b8b60ffacd8558e332673,generated:rj3umsm076ee8-heo
7632,2026-05-27 11:09:33,2026-05-27 11:06:07,2026-05-27T11:09:01.107976+08:00,gpt-5.5,428,1961,61824,0.091882,205.886,37.525,168.361,139.923,b3dd29ebe242348a863bde05ddf6c803,generated:rj3umsm076ee8-hdk
7630,2026-05-27 11:09:28,2026-05-27 11:08:00,2026-05-27T11:09:02.837598+08:00,gpt-5.5,1407,479,15232,0.029021,88.54,10.688,77.852,57.558,0668a6486b0c8688e04e445527c2a511,generated:rj3umsm076ee8-hdt
7628,2026-05-27 11:09:03,2026-05-27 11:08:00,2026-05-27T11:09:00.883041+08:00,gpt-5.4,557,402,18304,0.011999,62.572,8.591,53.981,57.732,51c27cd903fc3248095593b01142b7b7,generated:r3pkyd4wg4kq0b-clk
7629,2026-05-27 11:09:03,2026-05-27 11:07:45,2026-05-27T11:09:01.178075+08:00,gpt-5.5,1905,862,20864,0.045817,78.029,18.324,59.705,65.045,43e74a00a38c170d047ff6451e75f698,generated:rj3umsm076ee8-hdm
7627,2026-05-27 11:09:02,2026-05-27 11:05:05,2026-05-27T11:08:54.585642+08:00,gpt-5.4,74334,2222,3968,0.220157,236.586,44.146,192.44,191.359,d846000887b0c3039647c195e886d0d3,generated:r2jehey8lhlzma-aes
7626,2026-05-27 11:09:02,2026-05-27 11:06:21,2026-05-27T11:09:00.298902+08:00,gpt-5.5,362,951,50048,0.055364,160.831,20.489,140.342,149.060,cf1cabb7e1069d9062586b35b6ee74fc,generated:rc532p19rmylv-35en
7625,2026-05-27 11:09:00,2026-05-27 11:06:04,2026-05-27T11:08:53.701472+08:00,gpt-5.5,4773,1887,18816,0.089883,175.973,34.935,141.038,142.609,3570d0ef73e35501b933357368d74399,generated:r2jehey8lhlzma-aer
7622,2026-05-27 11:08:58,2026-05-27 11:06:49,2026-05-27T11:08:47.28579+08:00,gpt-5.5,6062,385,98688,0.091204,128.887,11.229,117.658,127.908,094641a7004136a010645de8e9837448,generated:r8d65n4b6cjlh-apc
7624,2026-05-27 11:08:58,2026-05-27 11:06:38,2026-05-27T11:08:31.073089+08:00,gpt-5.4-mini,12946,133,1536,0.010423,140.462,3.072,137.39,137.289,db7a964645a8195756d2ab8ef969502d,generated:rj3umsm076ee8-hbt
7621,2026-05-27 11:08:58,2026-05-27 11:04:15,2026-05-27T11:08:39.928819+08:00,gpt-5.5,1023,207,15744,0.019197,283.507,7.524,275.983,275.362,2ec863c78925c3db27093dd9e960a318,generated:rc532p19rmylv-34lm
7619,2026-05-27 11:08:55,2026-05-27 11:06:38,2026-05-27T11:08:31.65298+08:00,gpt-5.5,16593,133,4480,0.089195,137.107,3.801,133.306,132.138,61fa7151b10039b3cb92ce947d464c2c,generated:r8d65n4b6cjlh-aov
7620,2026-05-27 11:08:55,2026-05-27 11:06:47,2026-05-27T11:08:35.828546+08:00,gpt-5.5,347,296,19840,0.020535,127.785,6.909,120.876,125.333,70996bf274361a04a7e32005483e2e33,generated:rj3umsm076ee8-hby
7617,2026-05-27 11:08:55,2026-05-27 11:07:45,2026-05-27T11:08:35.884413+08:00,gpt-5.5,346,198,14720,0.015030,69.833,4.732,65.101,64.862,674aed4c9ea0d6a160e247e905b0679b,generated:rj3umsm076ee8-hbz
7616,2026-05-27 11:08:53,2026-05-27 11:05:56,2026-05-27T11:08:36.74953+08:00,gpt-5.5,195,1086,48512,0.057811,176.811,22.749,154.062,140.835,21a0ae437d414e89a3f6585be091dc38,generated:rj3umsm076ee8-hc2
7615,2026-05-27 11:08:50,2026-05-27 11:06:04,2026-05-27T11:08:40.578052+08:00,gpt-5.5,8948,494,70016,0.094568,165.709,22.768,142.941,142.611,ffac53178e4a0dba5831aa1ceb2a9191,generated:rj3umsm076ee8-hcc
7614,2026-05-27 11:08:28,2026-05-27 11:04:03,2026-05-27T11:08:33.293748+08:00,gpt-5.5,1267,1757,204160,0.161125,264.683,40.451,224.232,233.881,403296040adc97494c853e710f11cde5,generated:rc532p19rmylv-349a
7612,2026-05-27 11:08:28,2026-05-27 11:06:06,2026-05-27T11:08:25.13946+08:00,gpt-5.5,545,45,22400,0.015275,142.11,4.397,137.713,141.025,7143dfe18185a8ac181587155606c997,generated:rj3umsm076ee8-hbe
7611,2026-05-27 11:08:27,2026-05-27 11:05:17,2026-05-27T11:08:23.120995+08:00,gpt-5.5,347,271,19840,0.019785,190.172,11.406,178.766,184.179,fe0ae159accd362fe8dbf0d632af9e63,generated:rj3umsm076ee8-hbb
7609,2026-05-27 11:08:17,2026-05-27 11:04:21,2026-05-27T11:08:03.32562+08:00,gpt-5.4,494,191,14208,0.007652,235.868,4.198,231.67,234.163,245c4aa6c47d23b967a3dc6fca325f04,generated:rj3umsm076ee8-h9r
7608,2026-05-27 11:08:17,2026-05-27 11:04:14,2026-05-27T11:08:07.430265+08:00,gpt-5.5,757,442,15744,0.024917,242.923,9.021,233.902,225.966,df988d87c64a8dad824fee01fd880268,generated:r3pkyd4wg4kq0b-cjo
7606,2026-05-27 11:08:17,2026-05-27 11:05:13,2026-05-27T11:08:15.198571+08:00,gpt-5.4,2662,79,13184,0.011136,183.979,3.524,180.455,183.978,1cfff826c6560c58308dd271664b33c7,generated:rj3umsm076ee8-hap
7605,2026-05-27 11:08:15,2026-05-27 11:03:50,2026-05-27T11:07:24.478279+08:00,gpt-5.4,1872,1374,71552,0.043178,265.266,32.895,232.371,229.344,bb125252e628430f51b1e8fae5a3df5b,generated:rj3umsm076ee8-h7k
7604,2026-05-27 11:08:02,2026-05-27 11:04:12,2026-05-27T11:07:59.655626+08:00,gpt-5.5,62173,443,9600,0.328955,229.848,10.45,219.398,225.341,8aeaee337fc10716474b3b5d8918d8bb,generated:rj3umsm076ee8-h9g
7603,2026-05-27 11:08:00,2026-05-27 11:04:13,2026-05-27T11:07:55.601871+08:00,gpt-5.5,13606,256,2432,0.076926,226.224,5.681,220.543,223.821,e5fd5fef4a73f948cca0926ee1571b78,generated:r3pkyd4wg4kq0b-cj5
7601,2026-05-27 11:07:53,2026-05-27 11:03:50,2026-05-27T11:07:28.256811+08:00,gpt-5.5,4442,477,15744,0.044392,243.244,10.214,233.03,234.703,54c53224c943325ad9d938879d62a4d4,generated:rc532p19rmylv-32to
7600,2026-05-27 11:07:53,2026-05-27 10:57:25,2026-05-27T11:07:16.733399+08:00,gpt-5.5,415,625,108416,0.075033,628.455,514.411,114.044,613.905,4fefb84dd542aecd58b5479693e7d37a,generated:rc532p19rmylv-32rj
7602,2026-05-27 11:07:53,2026-05-27 11:03:51,2026-05-27T11:07:25.697237+08:00,gpt-5.5,4640,273,10112,0.036446,242.589,7.077,235.512,234.048,1ab983f8933da1838bd0d44dabfe0885,generated:rj3umsm076ee8-h7o
7599,2026-05-27 11:07:45,2026-05-27 11:03:50,2026-05-27T11:06:59.591884+08:00,gpt-5.5,4080,255,17280,0.036690,235.352,7.889,227.463,229.343,07c4cf9041b25b0d93745307303a9528,generated:r2jehey8lhlzma-abw
7598,2026-05-27 11:07:27,2026-05-27 11:03:49,2026-05-27T11:06:55.056551+08:00,gpt-5.5,2755,1458,45952,0.080491,218.15,29.909,188.241,206.108,b130709e738131f0a69f3c6022ffc05b,generated:r2jehey8lhlzma-abp
7597,2026-05-27 11:07:15,2026-05-27 11:03:40,2026-05-27T11:05:51.846968+08:00,gpt-5.5,1138,1458,127360,0.113110,215.062,42.518,172.544,159.763,d72327cef556f0e7db468e93b82e3480,generated:rj3umsm076ee8-h1t
7596,2026-05-27 11:06:48,2026-05-27 11:02:13,2026-05-27T11:05:06.571966+08:00,gpt-5.5,3217,4004,117632,0.195021,275.109,76.957,198.152,106.382,fa6c83d054161480369a5db545fbba59,generated:rj3umsm076ee8-gyy
7595,2026-05-27 11:06:48,2026-05-27 11:03:48,2026-05-27T11:06:24.231469+08:00,gpt-5.5,10647,544,88448,0.113779,180.385,14.445,165.94,167.790,20aad1cb16fc2a25cf14b48bb3d07ce4,generated:rc532p19rmylv-326r
7593,2026-05-27 11:06:20,2026-05-27 11:03:47,2026-05-27T11:05:25.986212+08:00,gpt-5.5,600,177,21888,0.019254,153.319,6.521,146.798,146.272,4d970c42b0d33e73204f7ab47717f255,generated:rj3umsm076ee8-h0b
7590,2026-05-27 11:06:04,2026-05-27 11:03:47,2026-05-27T11:05:12.117108+08:00,gpt-5.5,15692,918,3456,0.107728,137.763,17.488,120.275,106.781,5b8a7e273093c62d5d1bd34befe0132c,generated:rc532p19rmylv-31q7
7591,2026-05-27 11:06:04,2026-05-27 11:03:12,2026-05-27T11:04:54.459805+08:00,gpt-5.5,527,182,21888,0.019039,172.337,4.692,167.645,141.355,025639095a23404c052d5621078a304e,generated:r3pkyd4wg4kq0b-cd8
7589,2026-05-27 11:06:04,2026-05-27 11:03:00,2026-05-27T11:04:59.318716+08:00,gpt-5.5,15301,430,55168,0.116989,184.097,13.893,170.204,153.115,3f2b457ad34c074504c65f715ac091ee,generated:rj3umsm076ee8-gyd
7587,2026-05-27 11:05:13,2026-05-27 11:03:06,2026-05-27T11:04:28.861477+08:00,gpt-5.4,3593,39,10112,0.012096,126.415,3.329,123.086,126.415,a17091414f6d822cc442de7d454fa159,generated:rj3umsm076ee8-gw8
7586,2026-05-27 11:05:13,2026-05-27 11:03:46,2026-05-27T11:04:42.542909+08:00,gpt-5.4-mini,2813,189,5632,0.003383,86.685,5.019,81.666,78.472,99d6ae9f1586d18cac0948a396229cfb,generated:rj3umsm076ee8-gxi
7582,2026-05-27 11:04:13,2026-05-27 11:02:16,2026-05-27T11:04:06.666819+08:00,gpt-5.5,543,617,15232,0.028841,116.986,12.807,104.179,110.363,e580a9130dda3867aec790c164151348,generated:rj3umsm076ee8-gun
7583,2026-05-27 11:04:13,2026-05-27 11:02:18,2026-05-27T11:04:01.112868+08:00,gpt-5.5,783,456,14720,0.024955,115.184,9.151,106.033,108.562,8e97d719604b4fd6cc9c9fbafe62ccc0,generated:rj3umsm076ee8-gu9
7581,2026-05-27 11:04:13,2026-05-27 11:02:44,2026-05-27T11:04:05.133333+08:00,gpt-5.5,14131,425,1920,0.084365,88.771,8.716,80.055,75.149,bbc1016e512b615cb8297ec29fc21088,generated:r8d65n4b6cjlh-afi
7580,2026-05-27 11:04:06,2026-05-27 11:02:31,2026-05-27T11:03:56.518148+08:00,gpt-5.4,189,13,2304,0.001244,95.477,4.084,91.393,95.477,0154db57bde8275cb86d8ab29c4d1226,generated:r8d65n4b6cjlh-af5
7579,2026-05-27 11:03:59,2026-05-27 11:00:56,2026-05-27T11:03:22.316316+08:00,gpt-5.5,683,1817,203648,0.159749,183.02,34.74,148.28,121.746,a2e5a8abedec3bbeb81cd3539a72b695,generated:r8d65n4b6cjlh-adm
7577,2026-05-27 11:03:50,2026-05-27 11:02:09,2026-05-27T11:03:46.107994+08:00,gpt-5.4,4789,293,68480,0.033488,100.736,7.311,93.425,97.601,33ae692524efcb9a80ef1a91104eea5b,generated:r2jehey8lhlzma-a61
7578,2026-05-27 11:03:50,2026-05-27 11:02:04,2026-05-27T11:03:41.730859+08:00,gpt-5.5,696,387,49536,0.039858,105.976,12.652,93.324,102.841,1dbcfe6e28e68d67abffcf137c982e0c,generated:rc532p19rmylv-305n
7576,2026-05-27 11:03:50,2026-05-27 11:02:05,2026-05-27T11:03:29.447407+08:00,gpt-5.5,5064,417,11136,0.043398,104.923,18.671,86.252,101.789,6b5e7059d6f16abc242e06761ba41cb0,generated:rj3umsm076ee8-grt
7571,2026-05-27 11:03:46,2026-05-27 11:02:00,2026-05-27T11:03:16.176546+08:00,gpt-5.5,8356,701,80256,0.102938,105.992,14.908,91.084,99.616,2493cbe01d69e3a7e0274b9309c9ba9d,generated:rj3umsm076ee8-gqu
7570,2026-05-27 11:03:46,2026-05-27 11:01:49,2026-05-27T11:03:08.09136+08:00,gpt-5.5,403,641,17280,0.029885,117.358,13.404,103.954,110.982,a22cf1b4b5cf22a2039e582df910292b,generated:r2jehey8lhlzma-a51
7575,2026-05-27 11:03:46,2026-05-27 11:01:47,2026-05-27T11:03:23.990615+08:00,gpt-5.5,12026,840,10112,0.090386,119.097,36.312,82.785,55.719,741a978a68b41b3d10b9bd761c0ffa8d,generated:rc532p19rmylv-2zpq
7573,2026-05-27 11:03:46,2026-05-27 11:01:53,2026-05-27T11:02:58.646846+08:00,gpt-5.5,432,37,45952,0.026246,113.583,2.304,111.279,107.207,9f5f768eb02c93fdf06ccddbec21b558,generated:rj3umsm076ee8-gpe
7569,2026-05-27 11:03:46,2026-05-27 11:01:50,2026-05-27T11:03:03.887897+08:00,gpt-5.4,16750,267,1920,0.046360,116.707,9.382,107.325,110.332,d96afb320e0e0ddcdebe84c098e91f48,generated:rj3umsm076ee8-gpp
7572,2026-05-27 11:03:46,2026-05-27 11:01:57,2026-05-27T11:03:06.001931+08:00,gpt-5.5,30,305,19840,0.019220,109.322,8.438,100.884,102.947,c3aab2d476edcb423608a281abe06e56,generated:rj3umsm076ee8-gpu
7568,2026-05-27 11:03:44,2026-05-27 11:02:10,2026-05-27T11:03:26.156858+08:00,gpt-5.2,317,50,2176,0.001636,93.636,1.584,92.052,93.636,04e3ce0cc97d2369d7609aa0e9193b5b,generated:rj3umsm076ee8-grh
7567,2026-05-27 11:03:40,2026-05-27 11:00:56,2026-05-27T11:03:00.854731+08:00,gpt-5.5,601,992,126848,0.096189,164.328,20.04,144.288,109.448,f7db7238bd580ca446568aec3ac8f6aa,generated:rj3umsm076ee8-gpk
7566,2026-05-27 11:03:40,2026-05-27 11:02:00,2026-05-27T11:03:00.565431+08:00,gpt-5.4-mini,3724,45,5632,0.003418,100.492,1.236,99.256,72.214,a0483ad8de472cf63a53925510d6d568,generated:rj3umsm076ee8-gpj
7565,2026-05-27 11:03:12,2026-05-27 11:01:47,2026-05-27T11:02:55.460704+08:00,gpt-5.5,1243,798,20864,0.040587,84.444,19.208,65.236,57.841,cbdc440bfb444d532ad2e4d542b3beb0,generated:r2jehey8lhlzma-a4k
7564,2026-05-27 11:03:06,2026-05-27 11:01:49,2026-05-27T11:02:53.487058+08:00,gpt-5.4,5043,142,8576,0.016882,77.2,4.851,72.349,69.119,3c81704da7651b8170332fe7f298129b,generated:rj3umsm076ee8-gov
7563,2026-05-27 11:03:00,2026-05-27 11:01:36,2026-05-27T11:02:52.184611+08:00,gpt-5.5,12688,434,42880,0.097900,83.915,9.675,74.24,76.025,c7c45a57763e9005dd0abcefa62c51f7,generated:rj3umsm076ee8-gor
7562,2026-05-27 11:02:53,2026-05-27 10:56:48,2026-05-27T11:02:31.800647+08:00,gpt-5.5,7163,5005,100736,0.236333,364.811,96.101,268.71,256.570,537f8143222f9aa4a1016e0bec0d1baf,generated:r2jehey8lhlzma-a3f
7559,2026-05-27 11:02:45,2026-05-27 11:00:27,2026-05-27T11:02:24.88056+08:00,gpt-5.5,1566,310,18304,0.026282,138.518,7.486,131.032,138.517,6e993ee98213a47d95d5751b066ab8fe,generated:r8d65n4b6cjlh-abw
7557,2026-05-27 11:02:45,2026-05-27 11:01:01,2026-05-27T11:02:22.401751+08:00,gpt-5.4,3564,267,8576,0.015059,104.526,5.873,98.653,104.526,0eb8a7c747098930d0990ee921f791f1,generated:rj3umsm076ee8-gmj
7556,2026-05-27 11:02:43,2026-05-27 10:59:59,2026-05-27T11:02:15.874499+08:00,gpt-5.5,6650,360,8576,0.048338,164.432,12.775,151.657,133.824,5128df380e0773198fe5a29b3ed2d84e,generated:rj3umsm076ee8-gm4
7553,2026-05-27 11:02:29,2026-05-27 11:00:11,2026-05-27T11:02:12.962718+08:00,gpt-5.2,317,46,2176,0.001580,138.783,1.632,137.151,121.864,622d6b49eb712e7008405dc1088c4c85,generated:r8d65n4b6cjlh-ab4
7552,2026-05-27 11:02:14,2026-05-27 10:59:48,2026-05-27T11:02:12.403189+08:00,gpt-5.5,432,37,45952,0.026246,146.506,2.424,144.082,144.691,532ce938296f15ecb8208bb7c1e6ce01,generated:rc532p19rmylv-2z99
7550,2026-05-27 11:02:12,2026-05-27 10:58:12,2026-05-27T11:02:12.079475+08:00,gpt-5.5,11476,2125,106368,0.174314,240.148,40.221,199.927,203.459,5a64160ee2e7373bede0954dee47636f,generated:rj3umsm076ee8-glu
7549,2026-05-27 11:02:12,2026-05-27 10:59:59,2026-05-27T11:02:10.531689+08:00,gpt-5.5,12775,279,2432,0.073461,133.545,5.951,127.594,131.293,4779594a6d532ce1ae1d353541dac911,generated:rj3umsm076ee8-glm
7548,2026-05-27 11:02:10,2026-05-27 10:59:58,2026-05-27T11:02:09.627029+08:00,gpt-5.5,12836,391,2432,0.077126,131.828,8.259,123.569,128.323,d52a6d1df177c2439d053f2bef2ca940,generated:r8d65n4b6cjlh-aau
7547,2026-05-27 11:02:10,2026-05-27 11:00:11,2026-05-27T11:02:05.959231+08:00,gpt-5.5,189,14,2304,0.002517,119.612,1.024,118.588,119.612,774a79395a0df40c03cc9564220df604,generated:rj3umsm076ee8-gl2
7546,2026-05-27 11:02:07,2026-05-27 10:58:09,2026-05-27T11:01:52.311185+08:00,gpt-5.5,357,1671,61824,0.082827,237.465,34.443,203.022,218.080,0f0513df160ea35fbe83b816a434a405,generated:rc532p19rmylv-2z5w
7545,2026-05-27 11:02:07,2026-05-27 10:59:44,2026-05-27T11:02:03.241795+08:00,gpt-5.4,16238,245,2432,0.044878,142.339,7.592,134.747,138.906,2f9af59ceef231a43d795a9b575d0be4,generated:r2jehey8lhlzma-a18
7544,2026-05-27 11:02:03,2026-05-27 10:59:04,2026-05-27T11:01:56.057597+08:00,gpt-5.5,564,707,49024,0.048542,178.806,15.054,163.752,170.067,62ec50ab2ac111132c35b7057467e532,generated:rj3umsm076ee8-gkb
7543,2026-05-27 11:01:59,2026-05-27 10:58:11,2026-05-27T11:01:49.411777+08:00,gpt-5.4,9709,372,59776,0.044797,228.205,11.101,217.104,223.399,7d0a61fda0493b3c37559354e584c41f,generated:rj3umsm076ee8-gjv
7542,2026-05-27 11:01:59,2026-05-27 10:58:35,2026-05-27T11:01:55.094846+08:00,gpt-5.5,10743,722,70016,0.110383,204.394,19.936,184.458,195.830,b9a4e7e4269027c676fdb87173373add,generated:r2jehey8lhlzma-a0l
7541,2026-05-27 11:01:54,2026-05-27 10:58:56,2026-05-27T11:01:41.906872+08:00,gpt-5.5,2078,299,17792,0.028256,178.067,6.651,171.416,174.308,750d1c94f6ba02aee28bd83f52a25610,generated:r8d65n4b6cjlh-a95
7539,2026-05-27 11:01:51,2026-05-27 10:58:15,2026-05-27T11:01:34.605188+08:00,gpt-5.5,256,4,23936,0.013368,215.802,2.397,213.405,212.348,dd44843dee4492d751496c71eec9c48a,generated:r2jehey8lhlzma-9yu
7537,2026-05-27 11:01:47,2026-05-27 10:57:58,2026-05-27T11:00:55.462366+08:00,gpt-5.5,55582,1501,6528,0.326204,229.072,32.672,196.4,177.462,3f47cd2bf36dc1d10bbcf54417f78713,generated:r2jehey8lhlzma-9wn
7536,2026-05-27 11:01:47,2026-05-27 10:58:34,2026-05-27T11:01:21.757588+08:00,gpt-5.4-mini,4678,197,5632,0.004817,193.632,3.138,190.494,182.084,28c8ff20cebdfb015926942b5d6a25f6,generated:rj3umsm076ee8-ghg
7535,2026-05-27 11:01:47,2026-05-27 10:58:06,2026-05-27T11:01:18.646939+08:00,gpt-5.5,4113,259,17280,0.036975,221.55,6.833,214.717,210.002,276e6b4c403eecaaaa4a875df1afdce7,generated:r2jehey8lhlzma-9xu
7538,2026-05-27 11:01:47,2026-05-27 10:58:06,2026-05-27T11:01:18.872073+08:00,gpt-5.5,4086,255,17280,0.036720,221.048,6.734,214.314,209.500,cddb2dc940f10c54962ee78f4ed63560,generated:r2jehey8lhlzma-9xv
7534,2026-05-27 11:01:36,2026-05-27 10:58:03,2026-05-27T11:01:10.298162+08:00,gpt-5.5,8076,432,35200,0.070940,212.954,11.47,201.484,209.803,6ac28e5c37f83de1f1fff9a8ea6a9baa,generated:rj3umsm076ee8-ggh
7533,2026-05-27 11:01:36,2026-05-27 10:58:03,2026-05-27T11:01:18.865572+08:00,gpt-5.5,7571,910,10112,0.070211,212.47,17.92,194.55,211.355,7907b327e8df3e46be26d63f725c810a,generated:rj3umsm076ee8-gh8
7532,2026-05-27 11:01:00,2026-05-27 10:54:53,2026-05-27T11:00:28.055084+08:00,gpt-5.5,125,552,208768,0.121569,366.618,230.043,136.575,353.764,a81379c9b7011a17346ee5e51aebca5e,generated:rc532p19rmylv-2yss
7531,2026-05-27 11:00:56,2026-05-27 10:57:48,2026-05-27T11:00:11.419185+08:00,gpt-5.5,11522,115,192384,0.157252,187.338,5.851,181.487,178.431,90bae0a63f7f25333e1b63d6ebb2c12a,generated:r2jehey8lhlzma-9u6
7529,2026-05-27 11:00:56,2026-05-27 10:57:28,2026-05-27T10:59:54.59831+08:00,gpt-5.5,604,963,126336,0.095078,207.421,19.927,187.494,168.016,01ebcc83dfcf38290c5350c5c498de6b,generated:r2jehey8lhlzma-9t9
7528,2026-05-27 11:00:31,2026-05-27 10:57:43,2026-05-27T10:59:33.626832+08:00,gpt-5.5,40880,37,5504,0.208262,168.129,2.957,165.172,146.921,8e7dcba1bc6b07bfd02cc8206ddd4754,generated:r2jehey8lhlzma-9si
7527,2026-05-27 10:59:56,2026-05-27 10:57:26,2026-05-27T10:58:57.673333+08:00,gpt-5.4,5310,211,21888,0.021912,149.317,5.084,144.233,131.459,035f0fc2c01a55fe04622298a9072028,generated:r8d65n4b6cjlh-a0b
7523,2026-05-27 10:59:04,2026-05-27 10:57:24,2026-05-27T10:58:21.714909+08:00,gpt-5.5,316,738,49024,0.048232,99.935,15.17,84.765,72.153,e62910949a565b4a374d347924f0e7d1,generated:r2jehey8lhlzma-9oi
7522,2026-05-27 10:58:56,2026-05-27 10:57:25,2026-05-27T10:58:25.595617+08:00,gpt-5.5,12919,518,5504,0.082887,91.61,10.366,81.244,82.495,86c7b5eaaea8a2277c4c5d0de56f59cd,generated:rc532p19rmylv-2yab
7521,2026-05-27 10:58:34,2026-05-27 10:57:24,2026-05-27T10:58:13.724783+08:00,gpt-5.5,689,804,69504,0.062317,69.894,15.899,53.995,57.749,309486ea27c73d01bb720b34bad858fc,generated:rj3umsm076ee8-g4l
7519,2026-05-27 10:58:12,2026-05-27 10:57:08,2026-05-27T10:57:50.535495+08:00,gpt-5.5,2844,142,105856,0.071408,63.22,5.216,58.004,53.322,8dd20cd909c1de79c8d3e3d338803125,generated:rj3umsm076ee8-g2e
7520,2026-05-27 10:58:12,2026-05-27 10:57:08,2026-05-27T10:57:52.548743+08:00,gpt-5.5,1625,315,22400,0.028775,63.214,7.089,56.125,53.316,24a3a6a7df88430babf27ff5b509febc,generated:rc532p19rmylv-2y4x
7516,2026-05-27 10:58:02,2026-05-27 10:56:28,2026-05-27T10:57:38.769499+08:00,gpt-5.4,1251,586,59264,0.026734,93.954,12.138,81.816,60.334,92b920dd27aeb021215ff84473817f80,generated:rj3umsm076ee8-g1d
7517,2026-05-27 10:58:02,2026-05-27 10:56:39,2026-05-27T10:57:43.337073+08:00,gpt-5.5,7590,632,10112,0.061966,82.737,16.468,66.269,75.798,a1a0413b20f94a9cf13852c5fc978933,generated:rj3umsm076ee8-g1t
7518,2026-05-27 10:58:02,2026-05-27 10:56:40,2026-05-27T10:57:43.516571+08:00,gpt-5.5,7568,657,10112,0.062606,81.902,13.466,68.436,74.963,b35d07eeed9404cab60246961a55edb4,generated:rc532p19rmylv-2y3v
7513,2026-05-27 10:58:02,2026-05-27 10:56:47,2026-05-27T10:57:34.12181+08:00,gpt-5.4,9400,69,8576,0.026679,75.233,2.985,72.248,68.295,f435a9fbed91ca507f165358ae2d247c,generated:r3pkyd4wg4kq0b-bzr
7514,2026-05-27 10:58:02,2026-05-27 10:57:08,2026-05-27T10:57:52.501815+08:00,gpt-5.5,20969,580,14720,0.129605,53.328,11.654,41.674,46.389,4614bb9e7c0734af027cb831f604d2f5,generated:r8d65n4b6cjlh-9x6
7511,2026-05-27 10:57:47,2026-05-27 10:55:31,2026-05-27T10:57:32.784861+08:00,gpt-5.5,8570,1074,184192,0.167166,136.709,22.369,114.34,112.966,3d4c6b840d0beb72b214265736bd085f,generated:r2jehey8lhlzma-9m9
7510,2026-05-27 10:57:28,2026-05-27 10:56:24,2026-05-27T10:57:26.592132+08:00,gpt-5.5,932,126,125824,0.071352,63.965,4.332,59.633,60.667,39df99ecea56a3ed8670be5abb531755,generated:r2jehey8lhlzma-9ls
7509,2026-05-27 10:57:26,2026-05-27 10:56:24,2026-05-27T10:57:17.208485+08:00,gpt-5.4,14972,256,8576,0.043414,61.978,6.171,55.807,60.687,25b245f5b190c2c872a066f62e78a77d,generated:r8d65n4b6cjlh-9vo
7508,2026-05-27 10:57:25,2026-05-27 10:55:49,2026-05-27T10:57:13.938067+08:00,gpt-5.5,4275,37,104320,0.074645,95.863,3.255,92.608,95.862,d4a07ac7c4f7b8e926ef16822610a0eb,generated:r3pkyd4wg4kq0b-byj
7505,2026-05-27 10:57:24,2026-05-27 10:55:45,2026-05-27T10:57:10.636173+08:00,gpt-5.5,12429,374,5504,0.076117,98.717,10.475,88.242,91.991,c556aba32a98b2480e00cbebfcbcb638,generated:rj3umsm076ee8-fz7
7504,2026-05-27 10:57:24,2026-05-27 10:55:08,2026-05-27T10:57:13.809701+08:00,gpt-5.5,7261,1363,41856,0.098123,135.329,26.401,108.928,118.447,b6efd551ff59c04c958b973287ef6864,generated:rj3umsm076ee8-fze
7506,2026-05-27 10:57:24,2026-05-27 10:55:27,2026-05-27T10:56:59.875877+08:00,gpt-5.5,462,182,69504,0.042522,116.708,5.1,111.608,101.476,0e29c4707355383d6920a7deaacc778a,generated:rj3umsm076ee8-fyb
7503,2026-05-27 10:57:08,2026-05-27 10:54:53,2026-05-27T10:57:01.740814+08:00,gpt-5.5,63894,851,42880,0.366440,135.097,17.578,117.519,112.509,0d0627c4139fc48b532181581f10beaf,generated:r2jehey8lhlzma-9kc
7502,2026-05-27 10:57:08,2026-05-27 10:55:09,2026-05-27T10:56:54.445942+08:00,gpt-5.5,12637,259,2432,0.072171,119.596,6.137,113.459,117.946,c102772f71a60d443052e4430953e3db,generated:rj3umsm076ee8-fxq
7501,2026-05-27 10:57:08,2026-05-27 10:54:55,2026-05-27T10:56:53.523915+08:00,gpt-5.5,4007,265,18816,0.037393,133.755,7.455,126.3,132.104,ccde1bce06f4876e601bae6a80072eb0,generated:rj3umsm076ee8-fxn
7500,2026-05-27 10:56:48,2026-05-27 10:53:20,2026-05-27T10:56:45.207319+08:00,gpt-5.5,3907,694,97664,0.089187,208.094,19.832,188.262,205.229,2bb78485741bb76ee097779fd01b0ee9,generated:r8d65n4b6cjlh-9ua
7497,2026-05-27 10:56:24,2026-05-27 10:53:58,2026-05-27T10:55:51.044589+08:00,gpt-5.5,4674,3017,121216,0.174488,145.775,57.05,88.725,99.078,12e724f3dff844db0b703239da9af6d7,generated:r3pkyd4wg4kq0b-buc
7496,2026-05-27 10:56:24,2026-05-27 10:53:59,2026-05-27T10:55:53.417008+08:00,gpt-5.4,10968,2376,63360,0.078900,145.388,55.177,90.211,98.690,af51c6592f662d071aea88d5116c4761,generated:rj3umsm076ee8-frp
7495,2026-05-27 10:56:24,2026-05-27 10:54:35,2026-05-27T10:55:55.199494+08:00,gpt-5.4,14939,57,8576,0.040347,109.395,2.371,107.024,108.238,593a5d8990911a381873b2792297e382,generated:rj3umsm076ee8-frz
7494,2026-05-27 10:56:23,2026-05-27 10:53:59,2026-05-27T10:55:22.166579+08:00,gpt-5.4,1349,944,58240,0.032093,143.892,18.486,125.406,98.352,77903bcb09b910861b726f1b1db081d0,generated:r8d65n4b6cjlh-9r1
7491,2026-05-27 10:55:49,2026-05-27 10:52:49,2026-05-27T10:55:19.53919+08:00,gpt-5.5,408,954,104320,0.082820,179.973,80.495,99.478,123.751,d14a759f6d8ba65f42f1dad3d3ff3ae6,generated:r8d65n4b6cjlh-9r0
7490,2026-05-27 10:55:27,2026-05-27 10:52:48,2026-05-27T10:54:16.361623+08:00,gpt-5.5,1475,841,190336,0.127773,158.942,17.384,141.558,106.736,39815a508f25947595f5f7c582a27c35,generated:r2jehey8lhlzma-9cp
7489,2026-05-27 10:55:27,2026-05-27 10:53:24,2026-05-27T10:54:10.345834+08:00,gpt-5.5,229,185,69504,0.041447,123.134,6.124,117.01,88.939,dae8beda9371a5ce908290ac2331a369,generated:rc532p19rmylv-2x5a
7488,2026-05-27 10:55:08,2026-05-27 10:53:58,2026-05-27T10:54:18.36771+08:00,gpt-5.5,9053,376,33152,0.073121,70.037,8.958,61.079,54.459,1fa7fc9210711f957c8d736fbcee82d3,generated:rj3umsm076ee8-flr
7484,2026-05-27 10:54:53,2026-05-27 10:53:32,2026-05-27T10:54:27.460328+08:00,gpt-5.5,552,32,208256,0.107848,80.348,7.098,73.25,64.280,830102e237f1e55e1cb62d4020488285,generated:r3pkyd4wg4kq0b-bqi
7486,2026-05-27 10:54:53,2026-05-27 10:52:50,2026-05-27T10:54:08.703977+08:00,gpt-5.5,31127,321,75136,0.202833,123.233,12.209,111.024,105.222,9023e07b4b617ff98f1fc8516764addc,generated:rj3umsm076ee8-fl4
7487,2026-05-27 10:54:53,2026-05-27 10:53:20,2026-05-27T10:54:07.487589+08:00,gpt-5.4,2667,356,14208,0.015560,92.915,8.109,84.806,74.904,c298a63c5d8fc5ae157fb3d5cbfd85a3,generated:rj3umsm076ee8-fl2
7481,2026-05-27 10:54:53,2026-05-27 10:52:53,2026-05-27T10:54:12.880698+08:00,gpt-5.5,3386,665,15744,0.044752,119.963,13.666,106.297,101.953,cec63ecfcbc186fb8820ba273a166418,generated:rj3umsm076ee8-flm
7480,2026-05-27 10:54:35,2026-05-27 10:53:11,2026-05-27T10:54:02.252842+08:00,gpt-5.4,13592,212,8576,0.039304,83.961,5.071,78.89,47.971,57769775aa8b15655db861277fba8a63,generated:rj3umsm076ee8-fku
7479,2026-05-27 10:54:12,2026-05-27 10:52:51,2026-05-27T10:53:59.524938+08:00,gpt-5.5,800,50,22400,0.016700,81.666,2.462,79.204,67.501,bde31afe792a974fb0daf7b47a32baa4,generated:rc532p19rmylv-2x4l
7476,2026-05-27 10:53:59,2026-05-27 10:52:49,2026-05-27T10:53:56.97882+08:00,gpt-5.4,2879,472,60800,0.029478,69.763,11.882,57.881,69.274,66f357422b715b2e47149358412fa5b4,generated:rj3umsm076ee8-fkb
7475,2026-05-27 10:53:58,2026-05-27 10:52:09,2026-05-27T10:53:41.151419+08:00,gpt-5.5,1191,1083,120192,0.098541,108.99,23.336,85.654,72.820,5a8c50d1af0bf2633ebe41f3511e4bd3,generated:rc532p19rmylv-2x29
7474,2026-05-27 10:53:58,2026-05-27 10:51:59,2026-05-27T10:53:30.406116+08:00,gpt-5.5,10644,1245,22912,0.102026,119.67,23.785,95.885,81.175,94fe82cf5eed6800cbc42baf55e96646,generated:r3pkyd4wg4kq0b-boc
7471,2026-05-27 10:53:24,2026-05-27 10:51:53,2026-05-27T10:53:10.315323+08:00,gpt-5.5,439,142,208256,0.110583,90.321,7.825,82.496,88.628,edcf07c9bd5c600bab27c8f98ae86177,generated:r2jehey8lhlzma-9aw
7472,2026-05-27 10:53:24,2026-05-27 10:52:27,2026-05-27T10:53:14.426446+08:00,gpt-5.5,322,401,71040,0.049160,56.657,8.493,48.164,52.637,eac297fbed0beb7740bc07031d5b293f,generated:rj3umsm076ee8-fia
7470,2026-05-27 10:53:24,2026-05-27 10:52:20,2026-05-27T10:53:14.734912+08:00,gpt-5.5,524,236,68992,0.044196,63.427,5.903,57.524,59.407,3d1fb28f09ca11bee6d1495dedd0b5c1,generated:rc532p19rmylv-2wzb
7469,2026-05-27 10:53:20,2026-05-27 10:50:49,2026-05-27T10:53:00.755634+08:00,gpt-5.5,1156,230,97664,0.061512,150.719,10.206,140.513,148.878,28b078651b9d628059d9c9418fb816a2,generated:r2jehey8lhlzma-9aj
7468,2026-05-27 10:53:20,2026-05-27 10:51:59,2026-05-27T10:53:11.559018+08:00,gpt-5.4,7880,219,8576,0.025129,81.208,5.292,75.916,81.208,0f85a5fc5f5881409fb0826cda341da1,generated:rc532p19rmylv-2wyw
7467,2026-05-27 10:53:20,2026-05-27 10:51:54,2026-05-27T10:53:14.103111+08:00,gpt-5.4,41852,336,3968,0.110662,85.583,10.393,75.19,83.741,d1e65c397b5e9acd76107328b130b51b,generated:rj3umsm076ee8-fi6
7463,2026-05-27 10:52:49,2026-05-27 10:51:31,2026-05-27T10:52:36.598367+08:00,gpt-5.5,92720,706,11648,0.490604,78.173,15.238,62.935,72.930,24aad032de321e02bfa763529bb75a1d,generated:r2jehey8lhlzma-99s
7464,2026-05-27 10:52:49,2026-05-27 10:51:34,2026-05-27T10:52:28.706122+08:00,gpt-5.5,18205,181,4480,0.098695,75.439,4.298,71.141,74.375,5c7eaa4c8bb462cf738cfb602ef616cc,generated:rj3umsm076ee8-ffo
7461,2026-05-27 10:52:49,2026-05-27 10:51:34,2026-05-27T10:52:43.283926+08:00,gpt-5.5,29472,737,45952,0.192446,74.724,16.983,57.741,73.660,03ebbe40416ff1eefe733f25c23ca612,generated:r3pkyd4wg4kq0b-blt
7460,2026-05-27 10:52:49,2026-05-27 10:51:39,2026-05-27T10:52:42.706939+08:00,gpt-5.4,52362,120,8576,0.134849,70.408,5.577,64.831,70.408,11f7d1ed1a04670b5ea011e842ed8e2d,generated:rc532p19rmylv-2wui
7459,2026-05-27 10:52:48,2026-05-27 10:51:08,2026-05-27T10:52:20.646483+08:00,gpt-5.5,3520,1627,187264,0.160042,99.549,38.752,60.797,59.948,20b8f9911e1ad634bc3c88b2aaec9501,generated:rc532p19rmylv-2wr6
7457,2026-05-27 10:52:31,2026-05-27 10:51:10,2026-05-27T10:52:14.436317+08:00,gpt-5.5,6622,766,54656,0.083418,81.357,18.869,62.488,70.270,83305921de72ba1f6aebd9c27e67e7c9,generated:rc532p19rmylv-2wpt
7455,2026-05-27 10:52:22,2026-05-27 10:51:19,2026-05-27T10:51:57.976805+08:00,gpt-5.4-mini,483,57,6400,0.001099,63.353,1.216,62.137,61.441,1ad0459aa1d55b6d19531ecaeeafe09a,generated:rj3umsm076ee8-fe8
7454,2026-05-27 10:52:20,2026-05-27 10:51:10,2026-05-27T10:51:45.121949+08:00,gpt-5.5,2867,301,66432,0.056581,70.691,8.031,62.66,48.905,91062b17b9537737b4559636de19b106,generated:rj3umsm076ee8-fdk
7453,2026-05-27 10:52:08,2026-05-27 10:50:52,2026-05-27T10:51:52.383851+08:00,gpt-5.5,109343,546,11136,0.568663,76.303,12.769,63.534,66.545,8b07e41865aeac0a6a36ef691a873198,generated:r8d65n4b6cjlh-9if
7452,2026-05-27 10:51:59,2026-05-27 10:51:09,2026-05-27T10:51:44.299197+08:00,gpt-5.5,1055,590,21888,0.033919,49.468,13.071,36.397,44.305,c2bd36aea0a3d584ab36f40d6d3a7db2,generated:r3pkyd4wg4kq0b-bj9
7450,2026-05-27 10:51:59,2026-05-27 10:51:09,2026-05-27T10:51:35.136776+08:00,gpt-5.4,7847,165,8576,0.024237,49.958,4.189,45.769,44.796,4aed74008ae12b9b070e0183e8c86e81,generated:rc532p19rmylv-2wkv
7449,2026-05-27 10:51:53,2026-05-27 10:50:22,2026-05-27T10:51:14.562291+08:00,gpt-5.5,316,70,208256,0.107808,90.918,4.636,86.282,82.376,6116ad8e441827faa0f8d560a04f57b3,generated:rj3umsm076ee8-fc2
7447,2026-05-27 10:51:53,2026-05-27 10:50:49,2026-05-27T10:51:37.998542+08:00,gpt-5.4,24959,346,7040,0.069348,63.918,10.883,53.035,55.376,665525d4dfcae3af88c3591b8049eb3c,generated:r8d65n4b6cjlh-9hv
7446,2026-05-27 10:51:45,2026-05-27 10:50:44,2026-05-27T10:51:14.283426+08:00,gpt-5.4,8284,160,9600,0.025510,61.127,4.173,56.954,52.898,fee0fa2ae0bdaff55ae097b339759356,generated:r3pkyd4wg4kq0b-bi4
7442,2026-05-27 10:51:33,2026-05-27 10:49:44,2026-05-27T10:51:12.568761+08:00,gpt-5.5,5096,799,17280,0.058090,108.918,15.463,93.455,82.994,cd3edd61c450fcbdad111df3a1238610,generated:rj3umsm076ee8-fbt
7443,2026-05-27 10:51:33,2026-05-27 10:49:43,2026-05-27T10:51:10.876554+08:00,gpt-5.5,74,685,45952,0.043896,110.747,14.099,96.648,84.824,374f39c53c5b02cb2f71dc22d91bed88,generated:r3pkyd4wg4kq0b-bhw
7440,2026-05-27 10:51:10,2026-05-27 10:50:10,2026-05-27T10:51:08.442002+08:00,gpt-5.5,607,373,54144,0.041297,59.115,9.332,49.783,58.073,fef0d735ef7f36bd34b88f13c1836d6a,generated:r8d65n4b6cjlh-9gp
7441,2026-05-27 10:51:10,2026-05-27 10:50:00,2026-05-27T10:51:08.147428+08:00,gpt-5.5,15805,258,51072,0.112301,69.57,7.924,61.646,68.528,84b8cece89e388588c7f03f4c2d04570,generated:rj3umsm076ee8-fbg
7438,2026-05-27 10:51:09,2026-05-27 10:49:42,2026-05-27T10:51:05.476885+08:00,gpt-5.5,17897,569,4480,0.108795,86.843,12.94,73.903,85.676,016b682594d8804d89cb0fff7fda31b8,generated:r3pkyd4wg4kq0b-bhs
7437,2026-05-27 10:51:03,2026-05-27 10:48:09,2026-05-27T10:50:55.699153+08:00,gpt-5.5,202,147,187264,0.099052,174.615,7.958,166.657,170.040,58e09834b869bbfd865ca025a21c6fce,generated:r8d65n4b6cjlh-9g3
7436,2026-05-27 10:50:55,2026-05-27 10:48:40,2026-05-27T10:50:38.331346+08:00,gpt-5.5,61461,436,9600,0.325185,135.409,9.615,125.794,128.990,bc9afba72347fae4cc61f1cc6a1c2600,generated:rc532p19rmylv-2wc2
7435,2026-05-27 10:50:49,2026-05-27 10:47:08,2026-05-27T10:50:40.546396+08:00,gpt-5.5,4545,3411,94080,0.172095,221.052,67.66,153.392,166.983,3174ec719ff3f4606b8f8362294f1a66,generated:r3pkyd4wg4kq0b-bgo
7434,2026-05-27 10:50:49,2026-05-27 10:47:59,2026-05-27T10:50:14.742312+08:00,gpt-5.5,66668,755,11136,0.361558,169.388,16.119,153.269,157.241,8dd5263b142324f98b35d17f395f553d,generated:r8d65n4b6cjlh-9ec
7431,2026-05-27 10:50:49,2026-05-27 10:48:11,2026-05-27T10:50:26.087468+08:00,gpt-5.5,19816,52,4480,0.102880,157.44,2.212,155.228,157.439,d6ad433af19aff7ef8a8b8417e2c572f,generated:rc532p19rmylv-2w99
7432,2026-05-27 10:50:49,2026-05-27 10:49:03,2026-05-27T10:50:40.266611+08:00,gpt-5.4,15715,260,7040,0.044948,105.804,6.557,99.247,99.211,3e2c581d37c150427031774c5dbd0a59,generated:rc532p19rmylv-2wch
7430,2026-05-27 10:50:42,2026-05-27 10:48:02,2026-05-27T10:50:03.286312+08:00,gpt-5.4,3564,126,8576,0.012944,160.537,3.673,156.864,154.982,8bea2095001d206dad6089f9e06b1aac,generated:rc532p19rmylv-2w75
7429,2026-05-27 10:50:29,2026-05-27 10:47:52,2026-05-27T10:49:59.296613+08:00,gpt-5.4,41344,512,8576,0.113184,156.663,11.828,144.835,120.078,229a0078892cbb7a32ca01c51a30fbfb,generated:rc532p19rmylv-2w6h
7428,2026-05-27 10:50:22,2026-05-27 10:47:36,2026-05-27T10:49:53.797752+08:00,gpt-5.5,12333,299,195968,0.168619,166.079,8.464,157.615,138.458,f8425363390dfd1d1d6490b257b0857a,generated:r2jehey8lhlzma-94w
7427,2026-05-27 10:50:00,2026-05-27 10:47:43,2026-05-27T10:49:55.162592+08:00,gpt-5.5,13529,828,37760,0.111365,137.317,19.34,117.977,129.247,ab099fe2a492efe90296cecbf4fa9c1d,generated:r3pkyd4wg4kq0b-bes
7425,2026-05-27 10:49:44,2026-05-27 10:47:11,2026-05-27T10:48:11.615443+08:00,gpt-5.5,12275,927,5504,0.091937,153.576,18.055,135.521,140.849,093b466a5a6b3e7474a393c4099c1d45,generated:r3pkyd4wg4kq0b-b9b
7423,2026-05-27 10:49:32,2026-05-27 10:47:11,2026-05-27T10:48:02.714565+08:00,gpt-5.5,12280,852,5504,0.089712,141.139,17.434,123.705,78.121,352aff1f2f739357a38ead321e9994cf,generated:rj3umsm076ee8-f22
7422,2026-05-27 10:49:03,2026-05-27 10:44:49,2026-05-27T10:47:21.187+08:00,gpt-5.4-mini,225948,2667,6400,0.181943,254.024,28.142,225.882,135.772,780477dc884d45fb23f5d7478c4290db,generated:rc532p19rmylv-2vbq
7421,2026-05-27 10:48:08,2026-05-27 10:47:09,2026-05-27T10:47:23.752531+08:00,gpt-5.5,667,164,23424,0.019967,59.197,4.889,54.308,41.860,567e0552827c72fb2b6d59e7d8b248a9,generated:r2jehey8lhlzma-913
7420,2026-05-27 10:47:51,2026-05-27 10:46:41,2026-05-27T10:47:13.618536+08:00,gpt-5.5,788,54,147840,0.079480,70.211,3.731,66.48,60.592,8ccbaa358d4bae8b414d0709c10c6ec4,generated:r2jehey8lhlzma-90x
7419,2026-05-27 10:47:51,2026-05-27 10:44:49,2026-05-27T10:47:11.208881+08:00,gpt-5.4-mini,101463,4278,6400,0.095828,182.384,36.671,145.713,122.574,96b03f3136dce5bfa211e12f9b8cabb8,generated:rc532p19rmylv-2v9w
7418,2026-05-27 10:47:41,2026-05-27 10:46:25,2026-05-27T10:47:19.355104+08:00,gpt-5.5,130086,524,5504,0.668902,76.556,14.143,62.413,43.862,e25c3d7ad91513e41cb40e2ddd54f716,generated:r3pkyd4wg4kq0b-b60
7416,2026-05-27 10:47:41,2026-05-27 10:46:32,2026-05-27T10:47:16.863603+08:00,gpt-5.5,28804,532,9088,0.164524,69.722,11.088,58.634,35.787,5a528ad34fa3802845fbb64665e27525,generated:rj3umsm076ee8-ezg
7417,2026-05-27 10:47:41,2026-05-27 10:46:41,2026-05-27T10:47:19.130713+08:00,gpt-5.4,28425,302,8576,0.077737,60.63,12.895,47.735,35.411,eff5631df05edcd6baf29aa97433e14c,generated:rj3umsm076ee8-ezm
7415,2026-05-27 10:47:08,2026-05-27 10:43:52,2026-05-27T10:46:59.026269+08:00,gpt-5.5,2770,667,92032,0.079876,195.365,20.55,174.815,180.095,85a6c0be2e670d748527e1e71159bab9,generated:r8d65n4b6cjlh-965
7413,2026-05-27 10:47:08,2026-05-27 10:45:33,2026-05-27T10:47:04.150068+08:00,gpt-5.5,610,179,22912,0.019876,94.428,4.728,89.7,94.426,6ff2825f05a59734ae582499ea7b31a0,generated:rc532p19rmylv-2v85
7414,2026-05-27 10:47:08,2026-05-27 10:46:26,2026-05-27T10:46:59.728643+08:00,gpt-5.4-mini,9656,45,2048,0.007598,41.738,1.417,40.321,41.737,301982349d120c2a7f5c77e7498c4f2a,generated:r3pkyd4wg4kq0b-b4w
7412,2026-05-27 10:47:08,2026-05-27 10:44:53,2026-05-27T10:46:56.985138+08:00,gpt-5.5,18266,49,11136,0.098368,134.097,2.492,131.605,134.096,8f0bc4ac6a07d7a85ce1e4e79d200fe0,generated:r2jehey8lhlzma-90n
7411,2026-05-27 10:47:03,2026-05-27 10:44:59,2026-05-27T10:46:55.663992+08:00,gpt-5.4-mini,17953,85,5632,0.014270,124.672,2.152,122.52,124.671,167f8d31e56938334708e278f599603f,generated:r3pkyd4wg4kq0b-b4j
7410,2026-05-27 10:46:53,2026-05-27 10:44:45,2026-05-27T10:46:36.313368+08:00,gpt-5.5,1257,32,194944,0.104717,128.142,4.812,123.33,127.381,dfe7853012ba4f75a3e57d2916bab1a8,generated:r2jehey8lhlzma-903
7409,2026-05-27 10:46:41,2026-05-27 10:44:26,2026-05-27T10:46:08.068593+08:00,gpt-5.5,12729,197,135552,0.137331,134.827,7.109,127.718,129.249,3abd9d9e94418162158d09034879646a,generated:r8d65n4b6cjlh-944
7408,2026-05-27 10:46:41,2026-05-27 10:44:42,2026-05-27T10:46:17.309749+08:00,gpt-5.4,25040,315,8576,0.069469,118.812,8.109,110.703,113.235,bce5994f21ea5fedda24c1073cd7d838,generated:rj3umsm076ee8-ew1
7407,2026-05-27 10:46:32,2026-05-27 10:44:41,2026-05-27T10:45:55.610723+08:00,gpt-5.5,6327,296,9088,0.045059,110.723,6.775,103.948,97.446,285ca9b04059a3f1dc5ca0667557e70a,generated:r3pkyd4wg4kq0b-b0x
7406,2026-05-27 10:46:26,2026-05-27 10:44:25,2026-05-27T10:45:55.595389+08:00,gpt-5.4,33149,710,2432,0.094131,120.641,18.848,101.793,106.480,72b124c3db7b81f838e96ce96255621e,generated:r8d65n4b6cjlh-93l
7404,2026-05-27 10:45:33,2026-05-27 10:43:47,2026-05-27T10:44:00.421468+08:00,gpt-5.5,482,362,70016,0.048278,105.975,7.929,98.046,57.828,8349ac763fac4b345db0a11936a38d68,generated:r2jehey8lhlzma-8x0
7405,2026-05-27 10:45:33,2026-05-27 10:43:52,2026-05-27T10:44:29.810771+08:00,gpt-5.5,4343,853,18816,0.056713,100.588,22.11,78.478,32.712,b5e33cd62347267cb7fb6a196ae7851a,generated:r3pkyd4wg4kq0b-ava
7403,2026-05-27 10:44:45,2026-05-27 10:43:26,2026-05-27T10:43:54.829005+08:00,gpt-5.5,679,431,194432,0.113541,78.65,18.605,60.045,19.812,bc0f508ed4a21bf84ac1acab7cc71b19,generated:r3pkyd4wg4kq0b-asz
7402,2026-05-27 10:44:25,2026-05-27 10:43:41,2026-05-27T10:43:54.45382+08:00,gpt-5.5,20591,92,115584,0.163507,44.212,6.602,37.61,11.342,8828f14b28867aa0315266e1dcbefc49,generated:rc532p19rmylv-2u32
7401,2026-05-27 10:44:25,2026-05-27 10:43:44,2026-05-27T10:43:57.894019+08:00,gpt-5.4,2289,271,33152,0.018076,40.917,7.731,33.186,6.969,4eb8ffa5e1091abe6f41d21008d0d8f0,generated:rc532p19rmylv-2u3j
7400,2026-05-27 10:43:50,2026-05-27 10:43:37,2026-05-27T10:43:50.297363+08:00,gpt-5.5,13407,544,5504,0.086107,13.058,11.383,1.675,2.946,e493de0be4babb3018ba01f87f3d1111,generated:rj3umsm076ee8-eoj
7399,2026-05-27 10:43:44,2026-05-27 10:43:34,2026-05-27T10:43:43.97224+08:00,gpt-5.4,2195,163,31104,0.015709,9.752,6.498,3.254,5.702,081a8e02e7817d930850f9a3cc9d9ac3,generated:rc532p19rmylv-2u16
7398,2026-05-27 10:43:41,2026-05-27 10:43:10,2026-05-27T10:43:40.811507+08:00,gpt-5.5,33471,653,102272,0.238081,30.844,14.336,16.508,23.846,f7466303b291feeb7d8084446a550000,generated:r3pkyd4wg4kq0b-as6
7397,2026-05-27 10:43:34,2026-05-27 10:43:25,2026-05-27T10:43:34.38657+08:00,gpt-5.4,6770,202,24448,0.026067,8.979,5.872,3.107,8.393,66c88fc3c720f4c5ef6a379a605d0423,generated:rj3umsm076ee8-enm
7396,2026-05-27 10:43:27,2026-05-27 10:42:59,2026-05-27T10:43:27.629546+08:00,gpt-5.5,63692,271,6528,0.329854,28.043,9.918,18.125,22.571,34e9faa6cec1c00fa4e19dc5256442c8,generated:r8d65n4b6cjlh-8yc
7395,2026-05-27 10:43:26,2026-05-27 10:42:44,2026-05-27T10:43:26.093988+08:00,gpt-5.5,4603,650,190336,0.137683,41.768,14.813,26.955,37.216,950d24734aee0d258d80a576cbe43e1f,generated:r3pkyd4wg4kq0b-ar9
7394,2026-05-27 10:43:25,2026-05-27 10:43:09,2026-05-27T10:43:25.143338+08:00,gpt-5.4,19318,307,5504,0.054276,16.019,7.254,8.765,12.463,f250d2619586a49c8420313c6e1e5126,generated:rc532p19rmylv-2txn
7393,2026-05-27 10:43:09,2026-05-27 10:42:17,2026-05-27T10:42:55.645679+08:00,gpt-5.5,112179,562,3456,0.579483,51.884,14.442,37.442,27.980,92363426bf21068798171ba3fcb058a7,generated:rc532p19rmylv-2tu3
7391,2026-05-27 10:42:40,2026-05-27 10:42:05,2026-05-27T10:42:40.383439+08:00,gpt-5.5,588,861,189824,0.123682,35.96,22.429,13.531,20.622,5749f4db1622720561baabc3f8ae70b6,generated:rc532p19rmylv-2trj
7389,2026-05-27 10:42:25,2026-05-27 10:42:08,2026-05-27T10:42:23.117221+08:00,gpt-5.5,16514,18,4480,0.085350,16.833,2.171,14.662,16.833,b25dd8bc8652591f5dc048fc53258f37,generated:r8d65n4b6cjlh-8wi
7388,2026-05-27 10:42:25,2026-05-27 10:42:08,2026-05-27T10:42:23.771942+08:00,gpt-5.4-mini,14440,188,0,0.011676,17.06,2.945,14.115,17.059,148e51c8c252e14d7e9691637f5684a5,generated:rc532p19rmylv-2tpn
7387,2026-05-27 10:42:16,2026-05-27 10:41:47,2026-05-27T10:42:16.479482+08:00,gpt-5.5,99268,613,3456,0.516458,29.118,13.832,15.286,17.451,1555f7b4059a65587ec1d1c4c31c3514,generated:r8d65n4b6cjlh-8wb
7386,2026-05-27 10:42:15,2026-05-27 10:42:03,2026-05-27T10:42:11.619093+08:00,gpt-5.4,14865,182,4480,0.041013,11.554,4.61,6.944,11.554,50b24f62f2bb6ee8259e56afd0548dc6,generated:rj3umsm076ee8-ekl
7385,2026-05-27 10:42:04,2026-05-27 10:41:41,2026-05-27T10:42:03.947809+08:00,gpt-5.5,2621,578,187264,0.124077,23.215,18.722,4.493,12.153,c68208e86786463ea5b3c82c80474469,generated:rj3umsm076ee8-ek8
7384,2026-05-27 10:41:58,2026-05-27 10:41:46,2026-05-27T10:41:57.806704+08:00,gpt-5.5,2896,329,51584,0.050142,11.498,7.693,3.805,5.664,fb67918e27ba858e30db95cd29a2a86c,generated:r3pkyd4wg4kq0b-anb
7383,2026-05-27 10:41:46,2026-05-27 10:41:35,2026-05-27T10:41:46.07522+08:00,gpt-5.5,794,391,51072,0.041236,11.154,9.797,1.357,3.940,929e21ec3fc5b2506c653b0c12a67abd,generated:rc532p19rmylv-2tii
7382,2026-05-27 10:41:41,2026-05-27 10:41:13,2026-05-27T10:41:40.719785+08:00,gpt-5.5,471,276,187264,0.104267,27.177,16.013,11.164,23.496,7c15f4b8ae88172fe2c57495af4fe7d9,generated:rj3umsm076ee8-ejh
7381,2026-05-27 10:41:35,2026-05-27 10:41:21,2026-05-27T10:41:34.855673+08:00,gpt-5.5,3460,327,48000,0.051110,13.801,7.723,6.078,7.804,0fceb15b57d9446442e82fa423541460,generated:r2jehey8lhlzma-8u3
7380,2026-05-27 10:41:21,2026-05-27 10:40:56,2026-05-27T10:41:15.815105+08:00,gpt-5.5,2532,434,48512,0.049936,24.387,10.542,13.845,11.103,6ac4b0ca162656b13a3cf10db398abf1,generated:rc532p19rmylv-2tdv
7379,2026-05-27 10:41:13,2026-05-27 10:40:49,2026-05-27T10:41:13.516266+08:00,gpt-5.5,2368,138,185216,0.108588,23.894,11.331,12.563,19.021,a766d4d0aa7b4de5d5818d523293c1b6,generated:rj3umsm076ee8-eig
7378,2026-05-27 10:40:56,2026-05-27 10:40:44,2026-05-27T10:40:56.24159+08:00,gpt-5.5,1089,352,47488,0.039749,11.959,8.792,3.167,5.340,74c0a03ae10551f3eda33a47a7ba9547,generated:rc532p19rmylv-2tb3
7377,2026-05-27 10:40:49,2026-05-27 10:39:22,2026-05-27T10:40:49.270238+08:00,gpt-5.5,555,4262,184704,0.222987,87.203,80.233,6.97,9.849,6db3e5d773ca60b564bdb87c28142011,generated:rj3umsm076ee8-ehb
7376,2026-05-27 10:40:44,2026-05-27 10:40:19,2026-05-27T10:40:44.191531+08:00,gpt-5.5,1213,354,46976,0.040173,24.791,17.392,7.399,15.996,ddbaec7896b53d5a33857fde371186f0,generated:rj3umsm076ee8-eh1
7375,2026-05-27 10:40:19,2026-05-27 10:40:05,2026-05-27T10:40:19.4469+08:00,gpt-5.5,8530,277,39296,0.070608,14.128,9.149,4.979,9.000,95ad7a653140daa2b736f8cf67d6c8fb,generated:rc532p19rmylv-2t71
7374,2026-05-27 10:40:05,2026-05-27 10:39:56,2026-05-27T10:40:05.44773+08:00,gpt-5.5,570,204,46464,0.032202,9.035,6.712,2.323,4.931,0a5ade458dc3d5843ec8cd21b4142382,generated:rc532p19rmylv-2t4z
7373,2026-05-27 10:39:56,2026-05-27 10:39:45,2026-05-27T10:39:56.332141+08:00,gpt-5.5,651,301,45952,0.035261,11.059,9.199,1.86,5.555,3fe499b3e30dd06b8a1642419185c286,generated:r8d65n4b6cjlh-8sn
7372,2026-05-27 10:39:45,2026-05-27 10:39:29,2026-05-27T10:39:45.108161+08:00,gpt-5.5,4308,409,41856,0.054738,15.693,11.914,3.779,8.174,895f208a25a1e3e529e0124623219e8a,generated:r8d65n4b6cjlh-8sc
7371,2026-05-27 10:39:37,2026-05-27 10:39:28,2026-05-27T10:39:36.923413+08:00,gpt-5.5,975,74,32128,0.023159,8.115,5.897,2.218,4.908,ce7b2996fb26c51f6b49222d17e5b479,generated:rc532p19rmylv-2t25
7370,2026-05-27 10:39:29,2026-05-27 10:39:20,2026-05-27T10:39:29.267945+08:00,gpt-5.5,860,241,41344,0.032202,8.612,7.235,1.377,6.340,3114f2fc2055a82d30e5edb284f1301b,generated:r8d65n4b6cjlh-8rn
7369,2026-05-27 10:39:27,2026-05-27 10:38:59,2026-05-27T10:39:22.72055+08:00,gpt-5.5,748,277,31616,0.027858,27.546,7.876,19.67,23.122,5764748542a5e28e64221002377113bb,generated:rj3umsm076ee8-ed8
7368,2026-05-27 10:39:22,2026-05-27 10:38:27,2026-05-27T10:39:21.622561+08:00,gpt-5.5,544,822,184192,0.119476,54.245,20.718,33.527,39.551,0a14185ef6b465fc23235c25c60ca52d,generated:rj3umsm076ee8-ed4
7367,2026-05-27 10:39:20,2026-05-27 10:38:59,2026-05-27T10:39:20.787353+08:00,gpt-5.5,460,321,41344,0.032602,21.401,7.253,14.148,15.346,358e3be3ba5b6dd2859ddd404aeee27f,generated:rc532p19rmylv-2szy
7364,2026-05-27 10:39:04,2026-05-27 10:38:23,2026-05-27T10:39:02.440401+08:00,gpt-5.5,381,363,134528,0.080059,41.639,9.607,32.032,31.794,af2ae0489d3d9c02a509181a272a9a79,generated:rj3umsm076ee8-eby
7362,2026-05-27 10:38:59,2026-05-27 10:38:06,2026-05-27T10:38:51.076292+08:00,gpt-5.5,8045,873,23936,0.078383,52.508,17.885,34.623,29.519,ff669703da2024967a5012d5467cc89d,generated:rj3umsm076ee8-eb3
7363,2026-05-27 10:38:59,2026-05-27 10:38:15,2026-05-27T10:38:46.914362+08:00,gpt-5.5,1051,303,40320,0.034505,43.662,7.386,36.276,38.940,7792d55ffe6e9833a1c18aa7a05bac57,generated:rc532p19rmylv-2svr
7360,2026-05-27 10:38:54,2026-05-27 10:38:02,2026-05-27T10:38:42.351369+08:00,gpt-5.5,12491,636,30592,0.096831,52.175,14.156,38.019,33.909,b8739ed829cfbd2d63647ab96b2bfb2c,generated:rj3umsm076ee8-ear
7361,2026-05-27 10:38:54,2026-05-27 10:38:11,2026-05-27T10:38:39.596191+08:00,gpt-5.4,2623,119,21888,0.013815,42.775,3.937,38.838,24.983,d61b7aed0bf8d6e192435a921d000422,generated:rj3umsm076ee8-eal
7359,2026-05-27 10:38:27,2026-05-27 10:37:46,2026-05-27T10:38:18.427879+08:00,gpt-5.5,373,617,184192,0.112471,41.407,13.584,27.823,25.509,1a868d4f682ca5a5d0b6ebaa13844226,generated:rc532p19rmylv-2ss4
7358,2026-05-27 10:38:15,2026-05-27 10:37:48,2026-05-27T10:38:13.845301+08:00,gpt-5.5,739,745,39808,0.045949,27.068,14.658,12.41,18.304,fc2a86b1a2ea88dd36f89636d828fbcc,generated:rj3umsm076ee8-e99
7357,2026-05-27 10:38:11,2026-05-27 10:26:55,2026-05-27T10:37:56.475163+08:00,gpt-5.5,130373,1040,4480,0.685305,676.432,21.68,654.752,652.956,e0ea3d75c32063c5a519812162ee9cc4,generated:r8d65n4b6cjlh-8ow
7356,2026-05-27 10:38:11,2026-05-27 10:37:48,2026-05-27T10:38:05.357696+08:00,gpt-5.4,990,242,21376,0.011449,23.014,6.041,16.973,23.013,1383c8fbb4dabd3c7f58a78949f5ec21,generated:rc532p19rmylv-2sr0
7355,2026-05-27 10:38:06,2026-05-27 10:36:39,2026-05-27T10:37:51.583269+08:00,gpt-5.5,1041,1399,22912,0.058631,87.544,26.388,61.156,69.095,f7424a223309076868dff9ec065354fd,generated:rj3umsm076ee8-e7u
7354,2026-05-27 10:38:01,2026-05-27 10:37:20,2026-05-27T10:37:49.579935+08:00,gpt-5.5,15518,780,15232,0.108606,41.395,15.445,25.95,28.111,895917c28897ad02b8e2472720ded2f6,generated:r2jehey8lhlzma-8nt
7353,2026-05-27 10:37:48,2026-05-27 10:35:14,2026-05-27T10:37:36.143254+08:00,gpt-5.5,81409,411,11136,0.424943,154.193,15.931,138.262,154.190,31e8fe9cb7f4fd710cf0db375f5a3207,generated:r3pkyd4wg4kq0b-acf
7352,2026-05-27 10:37:48,2026-05-27 10:37:19,2026-05-27T10:37:37.591321+08:00,gpt-5.5,33680,258,6528,0.179404,29.302,7.092,22.21,29.300,e0b2030f1b538a0139ac400700cda296,generated:rj3umsm076ee8-e70
7351,2026-05-27 10:37:48,2026-05-27 10:36:26,2026-05-27T10:37:29.070201+08:00,gpt-5.4,478,367,21376,0.012044,82.324,7.66,74.664,56.294,0d1e5a854eb13a605e209d2619f1e733,generated:rj3umsm076ee8-e6h
7350,2026-05-27 10:37:19,2026-05-27 10:36:01,2026-05-27T10:37:09.684264+08:00,gpt-5.5,33280,321,6528,0.179294,77.787,8.614,69.173,77.784,d4a4072139e0074cf42c5f68cbe02ad8,generated:rc532p19rmylv-2sjz
7349,2026-05-27 10:37:19,2026-05-27 10:35:16,2026-05-27T10:36:59.886637+08:00,gpt-5.5,5371,547,179072,0.132801,122.923,13.638,109.285,120.248,fdef34fb2ffa051da7f3f852aed6cb41,generated:r3pkyd4wg4kq0b-aav
7348,2026-05-27 10:37:19,2026-05-27 10:36:10,2026-05-27T10:37:10.982271+08:00,gpt-5.5,13396,406,1920,0.080120,68.328,8.427,59.901,68.327,30a048fe2b742f959ae4933d0875bfc6,generated:r2jehey8lhlzma-8ma
7347,2026-05-27 10:37:19,2026-05-27 10:35:34,2026-05-27T10:36:50.829305+08:00,gpt-5.4,13380,173,4480,0.037165,104.342,4.406,99.936,101.667,5e984593295687d549dd55a11012a3f0,generated:rj3umsm076ee8-e4f
7346,2026-05-27 10:36:39,2026-05-27 10:35:11,2026-05-27T10:35:27.151586+08:00,gpt-5.5,724,502,22400,0.029880,88.011,11.616,76.395,61.044,e91725b4a15390ae0b3a225b5b5d1fcf,generated:rj3umsm076ee8-e06
